Label,# Samples,Average,Min,Max,Std. Dev.,Error %,Throughput,Received KB/sec,Sent KB/sec,Avg. Bytes
HTTP Request,373716,13293,4,101698,20038.22,0.002%,220.86973,106.05,27.90,491.7
TOTAL,373716,13293,4,101698,20038.22,0.002%,220.86973,106.05,27.90,491.7
